-- MySQL Script generated by MySQL Workbench
-- Mon Jun 15 15:40:55 2020
-- Model: New Model    Version: 1.0
-- MySQL Workbench Forward Engineering

SET @OLD_UNIQUE_CHECKS=@@UNIQUE_CHECKS, UNIQUE_CHECKS=0;
SET @OLD_FOREIGN_KEY_CHECKS=@@FOREIGN_KEY_CHECKS, FOREIGN_KEY_CHECKS=0;
SET @OLD_SQL_MODE=@@SQL_MODE, SQL_MODE='ONLY_FULL_GROUP_BY,STRICT_TRANS_TABLES,NO_ZERO_IN_DATE,NO_ZERO_DATE,ERROR_FOR_DIVISION_BY_ZERO,NO_ENGINE_SUBSTITUTION';

-- -----------------------------------------------------
-- Schema optica
-- -----------------------------------------------------
DROP SCHEMA IF EXISTS `optica` ;

-- -----------------------------------------------------
-- Schema optica
-- -----------------------------------------------------
CREATE SCHEMA IF NOT EXISTS `optica` DEFAULT CHARACTER SET utf8mb4 ;
USE `optica` ;

-- -----------------------------------------------------
-- Table `optica`.`Proveidors`
-- -----------------------------------------------------
DROP TABLE IF EXISTS `optica`.`Proveidors` ;

CREATE TABLE IF NOT EXISTS `optica`.`Proveidors` (
  `NIF` VARCHAR(9) NOT NULL,
  `nom` VARCHAR(45) NOT NULL,
  `carrer` VARCHAR(45) NULL,
  `numero` INT UNSIGNED NULL,
  `pis` TINYINT UNSIGNED NULL,
  `porta` TINYINT UNSIGNED NULL,
  `ciutat` VARCHAR(45) NULL,
  `codi_postal` VARCHAR(5) NULL,
  `pais` VARCHAR(45) NULL,
  `telefon` VARCHAR(9) NULL,
  `fax` VARCHAR(9) NULL,
  PRIMARY KEY (`NIF`))
ENGINE = InnoDB;

CREATE UNIQUE INDEX `NIF_UNIQUE` ON `optica`.`Proveidors` (`NIF` ASC);


-- -----------------------------------------------------
-- Table `optica`.`Marques`
-- -----------------------------------------------------
DROP TABLE IF EXISTS `optica`.`Marques` ;

CREATE TABLE IF NOT EXISTS `optica`.`Marques` (
  `idMarques` INT NOT NULL,
  `nom_marca` VARCHAR(45) NOT NULL,
  `Proveidors_NIF` VARCHAR(9) NOT NULL,
  PRIMARY KEY (`idMarques`),
  CONSTRAINT `fk_Marques_Proveidors`
    FOREIGN KEY (`Proveidors_NIF`)
    REFERENCES `optica`.`Proveidors` (`NIF`)
    ON DELETE NO ACTION
    ON UPDATE NO ACTION)
ENGINE = InnoDB;

CREATE UNIQUE INDEX `idMarques_UNIQUE` ON `optica`.`Marques` (`idMarques` ASC);

CREATE INDEX `fk_Marques_Proveidors_idx` ON `optica`.`Marques` (`Proveidors_NIF` ASC);


-- -----------------------------------------------------
-- Table `optica`.`Ulleres`
-- -----------------------------------------------------
DROP TABLE IF EXISTS `optica`.`Ulleres` ;

CREATE TABLE IF NOT EXISTS `optica`.`Ulleres` (
  `idUlleres` INT NOT NULL,
  `grad_vidre1` FLOAT(5,2) NOT NULL,
  `grad_vidre2` FLOAT(5,2) NOT NULL,
  `tipus_montura` VARCHAR(15) NOT NULL,
  `color_montura` VARCHAR(20) NOT NULL,
  `color_vidre1` VARCHAR(20) NOT NULL,
  `color_vidre2` VARCHAR(20) NOT NULL,
  `preu` DECIMAL(6,2) NOT NULL,
  `Marques_idMarques` INT NOT NULL,
  PRIMARY KEY (`idUlleres`),
  CONSTRAINT `fk_Ulleres_Marques1`
    FOREIGN KEY (`Marques_idMarques`)
    REFERENCES `optica`.`Marques` (`idMarques`)
    ON DELETE NO ACTION
    ON UPDATE NO ACTION)
ENGINE = InnoDB;

CREATE UNIQUE INDEX `idUlleres_UNIQUE` ON `optica`.`Ulleres` (`idUlleres` ASC);

CREATE INDEX `fk_Ulleres_Marques1_idx` ON `optica`.`Ulleres` (`Marques_idMarques` ASC);


-- -----------------------------------------------------
-- Table `optica`.`Clients`
-- -----------------------------------------------------
DROP TABLE IF EXISTS `optica`.`Clients` ;

CREATE TABLE IF NOT EXISTS `optica`.`Clients` (
  `NIF` VARCHAR(9) NOT NULL,
  `nom` VARCHAR(45) NOT NULL,
  `carrer` VARCHAR(45) NOT NULL,
  `numero` INT UNSIGNED NOT NULL,
  `pis` TINYINT UNSIGNED NOT NULL,
  `porta` TINYINT UNSIGNED NOT NULL,
  `ciutat` VARCHAR(45) NOT NULL,
  `codi_postal` VARCHAR(5) NOT NULL,
  `pais` VARCHAR(45) NOT NULL,
  `telefon` VARCHAR(9) NOT NULL,
  `email` VARCHAR(100) NOT NULL,
  `data_registre` DATE NOT NULL,
  `NIF_recomanat` VARCHAR(9) NULL,
  PRIMARY KEY (`NIF`),
  CONSTRAINT `fk_Clients_recomanat`
    FOREIGN KEY (`NIF_recomanat`)
    REFERENCES `optica`.`Clients` (`NIF`)
    ON DELETE NO ACTION
    ON UPDATE NO ACTION)
ENGINE = InnoDB;

CREATE UNIQUE INDEX `NIF_UNIQUE` ON `optica`.`Clients` (`NIF` ASC);

CREATE INDEX `fk_Clients_Clients1_idx` ON `optica`.`Clients` (`NIF_recomanat` ASC);


-- -----------------------------------------------------
-- Table `optica`.`Empleats`
-- -----------------------------------------------------
DROP TABLE IF EXISTS `optica`.`Empleats` ;

CREATE TABLE IF NOT EXISTS `optica`.`Empleats` (
  `idEmpleat` INT NOT NULL,
  `nom_empleat` VARCHAR(100) NOT NULL,
  PRIMARY KEY (`idEmpleat`))
ENGINE = InnoDB;

CREATE UNIQUE INDEX `idEmpleat_UNIQUE` ON `optica`.`Empleats` (`idEmpleat` ASC);


-- -----------------------------------------------------
-- Table `optica`.`Ventes`
-- -----------------------------------------------------
DROP TABLE IF EXISTS `optica`.`Ventes` ;

CREATE TABLE IF NOT EXISTS `optica`.`Ventes` (
  `idVenta` INT NOT NULL,
  `Ulleres_idUlleres` INT NOT NULL,
  `Empleats_idEmpleat` INT NOT NULL,
  `Clients_NIF` VARCHAR(9) NOT NULL,
  PRIMARY KEY (`idVenta`, `Ulleres_idUlleres`, `Empleats_idEmpleat`, `Clients_NIF`),
  CONSTRAINT `fk_Ventes_Ulleres1`
    FOREIGN KEY (`Ulleres_idUlleres`)
    REFERENCES `optica`.`Ulleres` (`idUlleres`)
    ON DELETE NO ACTION
    ON UPDATE NO ACTION,
  CONSTRAINT `fk_Ventes_Empleats1`
    FOREIGN KEY (`Empleats_idEmpleat`)
    REFERENCES `optica`.`Empleats` (`idEmpleat`)
    ON DELETE NO ACTION
    ON UPDATE NO ACTION,
  CONSTRAINT `fk_Ventes_Clients1`
    FOREIGN KEY (`Clients_NIF`)
    REFERENCES `optica`.`Clients` (`NIF`)
    ON DELETE NO ACTION
    ON UPDATE NO ACTION)
ENGINE = InnoDB;

CREATE UNIQUE INDEX `idVenta_UNIQUE` ON `optica`.`Ventes` (`idVenta` ASC);

CREATE INDEX `fk_Ventes_Ulleres1_idx` ON `optica`.`Ventes` (`Ulleres_idUlleres` ASC);

CREATE INDEX `fk_Ventes_Empleats1_idx` ON `optica`.`Ventes` (`Empleats_idEmpleat` ASC);

CREATE INDEX `fk_Ventes_Clients1_idx` ON `optica`.`Ventes` (`Clients_NIF` ASC);


SET SQL_MODE=@OLD_SQL_MODE;
SET FOREIGN_KEY_CHECKS=@OLD_FOREIGN_KEY_CHECKS;
SET UNIQUE_CHECKS=@OLD_UNIQUE_CHECKS;

-- -----------------------------------------------------
-- Data for table `optica`.`Proveidors`
-- -----------------------------------------------------
START TRANSACTION;
USE `optica`;
INSERT INTO `optica`.`Proveidors` (`NIF`, `nom`, `carrer`, `numero`, `pis`, `porta`, `ciutat`, `codi_postal`, `pais`, `telefon`, `fax`) VALUES ('99999999A', 'Ulleres Barcelona SL', 'Almogavers', 22, 1, 1, 'Barcelona', '08080', 'Espanya', '931547782', '931547783');
INSERT INTO `optica`.`Proveidors` (`NIF`, `nom`, `carrer`, `numero`, `pis`, `porta`, `ciutat`, `codi_postal`, `pais`, `telefon`, `fax`) VALUES ('88888888B', 'Ulleres Catalonia SL', 'Industria', 124, 2, 2, 'Barcelona', '08080', 'Espanya', '932546698', '932546699');
INSERT INTO `optica`.`Proveidors` (`NIF`, `nom`, `carrer`, `numero`, `pis`, `porta`, `ciutat`, `codi_postal`, `pais`, `telefon`, `fax`) VALUES ('77777777C', 'Gafas Madrid SL', 'Recoletos', 13, 3, 3, 'Madrid', '28080', 'Espanya', '912457788', '912457789');

COMMIT;


-- -----------------------------------------------------
-- Data for table `optica`.`Marques`
-- -----------------------------------------------------
START TRANSACTION;
USE `optica`;
INSERT INTO `optica`.`Marques` (`idMarques`, `nom_marca`, `Proveidors_NIF`) VALUES (1, 'Ray Ban', '99999999A');
INSERT INTO `optica`.`Marques` (`idMarques`, `nom_marca`, `Proveidors_NIF`) VALUES (2, 'Emporio Armani', '88888888B');
INSERT INTO `optica`.`Marques` (`idMarques`, `nom_marca`, `Proveidors_NIF`) VALUES (3, 'Oakley', '77777777C');
INSERT INTO `optica`.`Marques` (`idMarques`, `nom_marca`, `Proveidors_NIF`) VALUES (4, 'Polaroid', '99999999A');
INSERT INTO `optica`.`Marques` (`idMarques`, `nom_marca`, `Proveidors_NIF`) VALUES (5, 'Carrera', '99999999A');
INSERT INTO `optica`.`Marques` (`idMarques`, `nom_marca`, `Proveidors_NIF`) VALUES (6, 'Adidas', '88888888B');

COMMIT;


-- -----------------------------------------------------
-- Data for table `optica`.`Ulleres`
-- -----------------------------------------------------
START TRANSACTION;
USE `optica`;
INSERT INTO `optica`.`Ulleres` (`idUlleres`, `grad_vidre1`, `grad_vidre2`, `tipus_montura`, `color_montura`, `color_vidre1`, `color_vidre2`, `preu`, `Marques_idMarques`) VALUES (1, 1.25, 1.00, 'flotant', 'vermell', 'blanc', 'blanc', 250.00, 1);
INSERT INTO `optica`.`Ulleres` (`idUlleres`, `grad_vidre1`, `grad_vidre2`, `tipus_montura`, `color_montura`, `color_vidre1`, `color_vidre2`, `preu`, `Marques_idMarques`) VALUES (2, 0.75, 0.75, 'pasta', 'negre', 'negre', 'negre', 175.00, 2);
INSERT INTO `optica`.`Ulleres` (`idUlleres`, `grad_vidre1`, `grad_vidre2`, `tipus_montura`, `color_montura`, `color_vidre1`, `color_vidre2`, `preu`, `Marques_idMarques`) VALUES (3, 0.25, 0.50, 'metàl·lica', 'blau', 'negre', 'negre', 195.50, 3);
INSERT INTO `optica`.`Ulleres` (`idUlleres`, `grad_vidre1`, `grad_vidre2`, `tipus_montura`, `color_montura`, `color_vidre1`, `color_vidre2`, `preu`, `Marques_idMarques`) VALUES (4, 1.75, 2.00, 'pasta', 'gris', 'negre', 'negre', 219.99, 4);

COMMIT;


-- -----------------------------------------------------
-- Data for table `optica`.`Clients`
-- -----------------------------------------------------
START TRANSACTION;
USE `optica`;
INSERT INTO `optica`.`Clients` (`NIF`, `nom`, `carrer`, `numero`, `pis`, `porta`, `ciutat`, `codi_postal`, `pais`, `telefon`, `email`, `data_registre`, `NIF_recomanat`) VALUES ('12365478A', 'Joan Martí', 'Aragó', 243, 1, 1, 'Barcelona', '08080', 'Espanya', '931112233', 'joanmarti@mail.com', '2019-01-01', NULL);
INSERT INTO `optica`.`Clients` (`NIF`, `nom`, `carrer`, `numero`, `pis`, `porta`, `ciutat`, `codi_postal`, `pais`, `telefon`, `email`, `data_registre`, `NIF_recomanat`) VALUES ('23456789B', 'Carla Perez', 'Bac de Roda', 112, 2, 2, 'Barcelona', '08080', 'Espanya', '932223344', 'carlaperez@mail.com', '2019-03-01', '12365478A');

COMMIT;


-- -----------------------------------------------------
-- Data for table `optica`.`Empleats`
-- -----------------------------------------------------
START TRANSACTION;
USE `optica`;
INSERT INTO `optica`.`Empleats` (`idEmpleat`, `nom_empleat`) VALUES (1, 'Miquel');
INSERT INTO `optica`.`Empleats` (`idEmpleat`, `nom_empleat`) VALUES (2, 'Jana');

COMMIT;


-- -----------------------------------------------------
-- Data for table `optica`.`Ventes`
-- -----------------------------------------------------
START TRANSACTION;
USE `optica`;
INSERT INTO `optica`.`Ventes` (`idVenta`, `Ulleres_idUlleres`, `Empleats_idEmpleat`, `Clients_NIF`) VALUES (1, 1, 1, '12365478A');
INSERT INTO `optica`.`Ventes` (`idVenta`, `Ulleres_idUlleres`, `Empleats_idEmpleat`, `Clients_NIF`) VALUES (2, 2, 1, '12365478A');
INSERT INTO `optica`.`Ventes` (`idVenta`, `Ulleres_idUlleres`, `Empleats_idEmpleat`, `Clients_NIF`) VALUES (3, 3, 2, '23456789B');
INSERT INTO `optica`.`Ventes` (`idVenta`, `Ulleres_idUlleres`, `Empleats_idEmpleat`, `Clients_NIF`) VALUES (4, 4, 2, '12365478A');

COMMIT;

