-- MySQL Script generated by MySQL Workbench
-- Mon May 18 18:46:19 2020
-- Model: New Model    Version: 1.0
-- MySQL Workbench Forward Engineering

SET @OLD_UNIQUE_CHECKS=@@UNIQUE_CHECKS, UNIQUE_CHECKS=0;
SET @OLD_FOREIGN_KEY_CHECKS=@@FOREIGN_KEY_CHECKS, FOREIGN_KEY_CHECKS=0;
SET @OLD_SQL_MODE=@@SQL_MODE, SQL_MODE='ONLY_FULL_GROUP_BY,STRICT_TRANS_TABLES,NO_ZERO_IN_DATE,NO_ZERO_DATE,ERROR_FOR_DIVISION_BY_ZERO,NO_ENGINE_SUBSTITUTION';

-- -----------------------------------------------------
-- Schema XarxaSocial
-- -----------------------------------------------------
DROP SCHEMA IF EXISTS `XarxaSocial` ;

-- -----------------------------------------------------
-- Schema XarxaSocial
-- -----------------------------------------------------
CREATE SCHEMA IF NOT EXISTS `XarxaSocial` DEFAULT CHARACTER SET utf8 ;
USE `XarxaSocial` ;

-- -----------------------------------------------------
-- Table `XarxaSocial`.`Usuaris`
-- -----------------------------------------------------
CREATE TABLE IF NOT EXISTS `XarxaSocial`.`Usuaris` (
  `id_usuari` VARCHAR(25) NOT NULL,
  `nom` VARCHAR(45) NOT NULL,
  `email` VARCHAR(45) NOT NULL,
  `contrasenya` VARCHAR(20) NOT NULL,
  PRIMARY KEY (`id_usuari`))
ENGINE = InnoDB;

CREATE UNIQUE INDEX `id_usuaris_UNIQUE` ON `XarxaSocial`.`Usuaris` (`id_usuari` ASC);

CREATE UNIQUE INDEX `email_UNIQUE` ON `XarxaSocial`.`Usuaris` (`email` ASC);


-- -----------------------------------------------------
-- Table `XarxaSocial`.`Amistats`
-- -----------------------------------------------------
CREATE TABLE IF NOT EXISTS `XarxaSocial`.`Amistats` (
  `id_amic1` VARCHAR(25) NOT NULL,
  `id_amic2` VARCHAR(25) NOT NULL,
  `com_us_heu_conegut` VARCHAR(45) NOT NULL,
  PRIMARY KEY (`id_amic1`, `id_amic2`),
  CONSTRAINT `fk_amic1`
    FOREIGN KEY (`id_amic1`)
    REFERENCES `XarxaSocial`.`Usuaris` (`id_usuari`)
    ON DELETE NO ACTION
    ON UPDATE NO ACTION,
  CONSTRAINT `fk_amic2`
    FOREIGN KEY (`id_amic2`)
    REFERENCES `XarxaSocial`.`Usuaris` (`id_usuari`)
    ON DELETE NO ACTION
    ON UPDATE NO ACTION)
ENGINE = InnoDB;

CREATE INDEX `fk_amic2_idx` ON `XarxaSocial`.`Amistats` (`id_amic2` ASC);


-- -----------------------------------------------------
-- Table `XarxaSocial`.`Fotografies`
-- -----------------------------------------------------
CREATE TABLE IF NOT EXISTS `XarxaSocial`.`Fotografies` (
  `id_foto` INT NOT NULL,
  `id_propietari` VARCHAR(25) NOT NULL,
  `url_foto` VARCHAR(225) NOT NULL,
  PRIMARY KEY (`id_foto`),
  CONSTRAINT `fk_id_usuari`
    FOREIGN KEY (`id_propietari`)
    REFERENCES `XarxaSocial`.`Usuaris` (`id_usuari`)
    ON DELETE NO ACTION
    ON UPDATE NO ACTION)
ENGINE = InnoDB;

CREATE UNIQUE INDEX `id_foto_UNIQUE` ON `XarxaSocial`.`Fotografies` (`id_foto` ASC);

CREATE INDEX `fk_id_usuari_idx` ON `XarxaSocial`.`Fotografies` (`id_propietari` ASC);


SET SQL_MODE=@OLD_SQL_MODE;
SET FOREIGN_KEY_CHECKS=@OLD_FOREIGN_KEY_CHECKS;
SET UNIQUE_CHECKS=@OLD_UNIQUE_CHECKS;

INSERT INTO `usuaris` (`id_usuari`, `nom`, `email`, `contrasenya`) VALUES ('jmartin', 'Josep Martin', 'josep@martin.cat', 'Contrasenya1'), ('rmartin', 'Roger Martin', 'roger@martin.cat', 'Contrasenya2'), ('mmartin', 'Marc Martin', 'marc@martin.cat', 'Contrasenya3');

INSERT INTO `amistats` (`id_amic1`, `id_amic2`, `com_us_heu_conegut`) VALUES ('jmartin', 'rmartin', 'Pare i fill'), ('jmartin', 'mmartin', 'Germans'), ('mmartin', 'rmartin', 'tiet i nebot');

INSERT INTO `fotografies` (`id_foto`, `id_propietari`, `url_foto`) VALUES ('1', 'jmartin', 'https://historia.nationalgeographic.com.es/medio/2018/03/01/coliseo-romano_16022ed4_1280x853.jpg'), ('2', 'mmartin', 'https://www.masreinounido.co.uk/wp-content/uploads/2019/06/Tower-Bridge.jpg'), ('3', 'rmartin', 'https://www.discoverwalks.com/blog/wp-content/uploads/2018/04/top10funfactsaboutthesacrecoeur11.jpg'), ('4', 'jmartin', 'https://www.programapublicidad.com/wp-content/uploads/2019/06/Samsung-nuevas-pantallas-LED-Times-Square-Nueva-York-programapublicidad-muy-grande.jpg');

